/*
 Navicat Premium Data Transfer

 Source Server         : 本地数据库
 Source Server Type    : MySQL
 Source Server Version : 50626
 Source Host           : localhost:3306
 Source Schema         : mystore

 Target Server Type    : MySQL
 Target Server Version : 50626
 File Encoding         : 65001

 Date: 15/08/2019 23:09:04
*/

SET NAMES utf8mb4;
SET FOREIGN_KEY_CHECKS = 0;

-- ----------------------------
-- Table structure for ad_category
-- ----------------------------
DROP TABLE IF EXISTS `ad_category`;
CREATE TABLE `ad_category`  (
  `id` varchar(40) CHARACTER SET utf8 COLLATE utf8_general_ci NOT NULL,
  `name` varchar(40) CHARACTER SET utf8 COLLATE utf8_bin NULL DEFAULT NULL,
  `createdtime` datetime(0) NULL DEFAULT NULL,
  `updatetime` datetime(0) NULL DEFAULT NULL,
  PRIMARY KEY (`id`) USING BTREE
) ENGINE = InnoDB CHARACTER SET = utf8 COLLATE = utf8_general_ci ROW_FORMAT = Compact;

-- ----------------------------
-- Table structure for ad_content
-- ----------------------------
DROP TABLE IF EXISTS `ad_content`;
CREATE TABLE `ad_content`  (
  `id` varchar(40) CHARACTER SET utf8 COLLATE utf8_general_ci NOT NULL,
  `category_id` varchar(40) CHARACTER SET utf8 COLLATE utf8_general_ci NULL DEFAULT NULL,
  `title` varchar(100) CHARACTER SET utf8 COLLATE utf8_bin NULL DEFAULT NULL,
  `url` varchar(200) CHARACTER SET utf8 COLLATE utf8_general_ci NULL DEFAULT NULL,
  `pic` varchar(200) CHARACTER SET utf8 COLLATE utf8_general_ci NULL DEFAULT NULL,
  `content` varchar(300) CHARACTER SET utf8 COLLATE utf8_general_ci NULL DEFAULT NULL,
  `createdtime` date NULL DEFAULT NULL,
  PRIMARY KEY (`id`) USING BTREE
) ENGINE = InnoDB CHARACTER SET = utf8 COLLATE = utf8_general_ci ROW_FORMAT = Compact;

-- ----------------------------
-- Table structure for admin
-- ----------------------------
DROP TABLE IF EXISTS `admin`;
CREATE TABLE `admin`  (
  `id` int(11) NOT NULL AUTO_INCREMENT,
  `username` varchar(255) CHARACTER SET utf8 COLLATE utf8_general_ci NOT NULL,
  `password` varchar(255) CHARACTER SET utf8 COLLATE utf8_general_ci NOT NULL,
  `status` int(255) NOT NULL DEFAULT 1,
  `authority` varchar(255) CHARACTER SET utf8 COLLATE utf8_general_ci NULL DEFAULT NULL,
  `create_time` timestamp(0) NULL DEFAULT CURRENT_TIMESTAMP,
  PRIMARY KEY (`id`) USING BTREE
) ENGINE = InnoDB AUTO_INCREMENT = 6 CHARACTER SET = utf8 COLLATE = utf8_general_ci ROW_FORMAT = Compact;

-- ----------------------------
-- Records of admin
-- ----------------------------
INSERT INTO `admin` VALUES (4, 'sean2333', 'e10adc3949ba59abbe56e057f20f883e', 1, 'c,c1,c2,d,d1,e,e2,e1,a,a2,a1', '2019-05-01 20:57:13');
INSERT INTO `admin` VALUES (5, 'sean', 'e10adc3949ba59abbe56e057f20f883e', 1, ',b,b1,b2,c,c1,c2,d,d1,e,e1,e2,a2,a1,a', '2019-05-01 20:57:50');

-- ----------------------------
-- Table structure for cart
-- ----------------------------
DROP TABLE IF EXISTS `cart`;
CREATE TABLE `cart`  (
  `uid` varchar(40) CHARACTER SET utf8 COLLATE utf8_general_ci NOT NULL,
  `totalcount` int(11) NULL DEFAULT NULL,
  `totalprice` double NULL DEFAULT NULL,
  PRIMARY KEY (`uid`) USING BTREE
) ENGINE = InnoDB CHARACTER SET = utf8 COLLATE = utf8_general_ci ROW_FORMAT = Compact;

-- ----------------------------
-- Records of cart
-- ----------------------------
INSERT INTO `cart` VALUES ('29757EDEB1DC40E593B12728007262F1', 2, 10998);
INSERT INTO `cart` VALUES ('4B074AD1997D451C8E83B10573F391E5', 0, 0);

-- ----------------------------
-- Table structure for cartitem
-- ----------------------------
DROP TABLE IF EXISTS `cartitem`;
CREATE TABLE `cartitem`  (
  `cid` varchar(40) CHARACTER SET utf8 COLLATE utf8_general_ci NOT NULL,
  `pid` varchar(40) CHARACTER SET utf8 COLLATE utf8_general_ci NULL DEFAULT NULL,
  `count` int(11) NULL DEFAULT NULL,
  `subtotal` double NULL DEFAULT NULL,
  `uid` varchar(40) CHARACTER SET utf8 COLLATE utf8_general_ci NULL DEFAULT NULL,
  PRIMARY KEY (`cid`) USING BTREE
) ENGINE = InnoDB CHARACTER SET = utf8 COLLATE = utf8_general_ci ROW_FORMAT = Compact;

-- ----------------------------
-- Records of cartitem
-- ----------------------------
INSERT INTO `cartitem` VALUES ('1195A10DEDA948AB84AA5CA1649F0EBE', '0BAAE2D6E37B415F9B8817A273A4239D', 2, 10998, '29757EDEB1DC40E593B12728007262F1');

-- ----------------------------
-- Table structure for category
-- ----------------------------
DROP TABLE IF EXISTS `category`;
CREATE TABLE `category`  (
  `cid` varchar(40) CHARACTER SET utf8 COLLATE utf8_general_ci NOT NULL,
  `cname` varchar(40) CHARACTER SET utf8 COLLATE utf8_bin NULL DEFAULT NULL,
  `cdesc` varchar(200) CHARACTER SET utf8 COLLATE utf8_general_ci NULL DEFAULT NULL,
  PRIMARY KEY (`cid`) USING BTREE
) ENGINE = InnoDB CHARACTER SET = utf8 COLLATE = utf8_general_ci ROW_FORMAT = Compact;

-- ----------------------------
-- Records of category
-- ----------------------------
INSERT INTO `category` VALUES ('0BDD12113BAF401E88E1F64552E21C53', '服装服饰', '大师傅大师傅但是');
INSERT INTO `category` VALUES ('3513F47C928E40BDA084868AB98C778B', '手机数码', NULL);
INSERT INTO `category` VALUES ('40CED1A8D07E4901A1E1379ED9FC53B2', '电脑电视', NULL);
INSERT INTO `category` VALUES ('ECA2FFD441524E2DBA1EA29EF424F97D', '相机', '大师傅大师傅士大夫电风扇的');
INSERT INTO `category` VALUES ('F8C57AF38AA34A8790B16A1410A17531', '家具家电', '浮点数格式的公司的');

-- ----------------------------
-- Table structure for delivery_address
-- ----------------------------
DROP TABLE IF EXISTS `delivery_address`;
CREATE TABLE `delivery_address`  (
  `id` varchar(40) CHARACTER SET utf8 COLLATE utf8_general_ci NOT NULL,
  `dname` varchar(30) CHARACTER SET utf8 COLLATE utf8_general_ci NULL DEFAULT NULL,
  `dtelphone` varchar(20) CHARACTER SET utf8 COLLATE utf8_general_ci NULL DEFAULT NULL,
  `daddress` varchar(200) CHARACTER SET utf8 COLLATE utf8_general_ci NULL DEFAULT NULL,
  `uid` varchar(40) CHARACTER SET utf8 COLLATE utf8_general_ci NULL DEFAULT NULL,
  PRIMARY KEY (`id`) USING BTREE
) ENGINE = InnoDB CHARACTER SET = utf8 COLLATE = utf8_general_ci ROW_FORMAT = Compact;

-- ----------------------------
-- Records of delivery_address
-- ----------------------------
INSERT INTO `delivery_address` VALUES ('0148A28587FC462AAADBE20CB6242DE2', '胡印斌', '18322980771', '江西 南昌 南昌县', '29757EDEB1DC40E593B12728007262F1');
INSERT INTO `delivery_address` VALUES ('38C2224457944579BBA177C1AEC8BC85', '胡印斌', '18322980771', '江西 南昌 南昌县 南昌工程學院', '4B074AD1997D451C8E83B10573F391E5');
INSERT INTO `delivery_address` VALUES ('819A9BEE89B043F7A9B43B126627D9EC', '胡印斌', '1566464664', '江西 南昌 湾里区 订单但公司', '29757EDEB1DC40E593B12728007262F1');

-- ----------------------------
-- Table structure for index_product
-- ----------------------------
DROP TABLE IF EXISTS `index_product`;
CREATE TABLE `index_product`  (
  `id` int(11) NOT NULL AUTO_INCREMENT,
  `pid` varchar(255) CHARACTER SET utf8 COLLATE utf8_general_ci NOT NULL,
  `pname` varchar(255) CHARACTER SET utf8 COLLATE utf8_general_ci NOT NULL,
  `image` varchar(255) CHARACTER SET utf8 COLLATE utf8_general_ci NOT NULL,
  `price` double(10, 2) NOT NULL,
  `status` int(255) NOT NULL,
  `type` int(255) NOT NULL,
  `create_time` timestamp(0) NULL DEFAULT NULL,
  PRIMARY KEY (`id`) USING BTREE
) ENGINE = InnoDB AUTO_INCREMENT = 22 CHARACTER SET = utf8 COLLATE = utf8_general_ci ROW_FORMAT = Compact;

-- ----------------------------
-- Records of index_product
-- ----------------------------
INSERT INTO `index_product` VALUES (1, 'FEEB489D7B5D47499023BD90B6C4A69A', 'LG G4（H818）陶瓷白 国际版', 'pic/B27A622B1581463694076C15ED7DCBED.jpg', 2978.00, 1, 1, '2019-05-02 20:41:04');
INSERT INTO `index_product` VALUES (2, '4581F9E451AB41FD91235DE10C8F6718', 'Apple iPhone 6s (A1700) 64G 玫瑰金色', 'pic/92E1ADEDEA354101956A95A08DF5D2FA.jpg', 6088.00, 1, 1, '2019-05-02 20:41:46');
INSERT INTO `index_product` VALUES (3, 'AFB6B7AFE4F54618B303135C64146984', '小米 4c 标准版', 'pic/2EC0FB1454244FF69E1C04250E84627F.jpg', 1299.00, 1, 1, '2019-05-02 20:42:19');
INSERT INTO `index_product` VALUES (4, '35E4EAB821894B7E8789608408E455C2', '中兴 AXON', 'pic/26F35370240C48D9BB40E4A469E09466.jpg', 2799.00, 1, 2, '2019-05-02 20:42:41');
INSERT INTO `index_product` VALUES (6, 'A8D97FBB809A4E6BAB0FAFDD297FD99B', '努比亚（nubia）Z9精英版 金色', 'pic/B5580AB1D3B841AEB982FFD55E49E38E.jpg', 3888.00, 1, 2, '2019-05-02 20:44:50');
INSERT INTO `index_product` VALUES (7, '8DEDB7D1ED6B417395CCEE3151F73845', 'sonim XP7700 4G手机', 'pic/FF45A4E01C4141499104B713374DBEFC.jpg', 1699.00, 1, 2, '2019-05-02 20:45:08');
INSERT INTO `index_product` VALUES (8, 'E29595DEB6B040328CF004324C1FDE3E', '华为 Ascend Mate7', 'pic/D75EE818E7D4413C97988BB5028DD4D0.jpg', 2599.00, 1, 2, '2019-05-02 20:45:19');
INSERT INTO `index_product` VALUES (9, '3B4C7E9BB8214910BD80EAF34CE98DAA', 'HTC Desire 826d 32G 臻珠白', 'pic/1191C3655679473998AA79428FAFDBD4.jpg', 1499.00, 1, 2, '2019-05-02 20:45:43');
INSERT INTO `index_product` VALUES (10, '35E4EAB821894B7E8789608408E455C2', '中兴 AXON', 'pic/26F35370240C48D9BB40E4A469E09466.jpg', 2799.00, 1, 2, '2019-05-02 20:45:59');
INSERT INTO `index_product` VALUES (11, '053DFB972DCF45DCAAD90EC3D0EED320', '华为 麦芒4', 'pic/EE389DFBB96448878C42052B1E70F6C8.jpg', 2499.00, 1, 2, '2019-05-02 20:46:10');
INSERT INTO `index_product` VALUES (12, '051DBFEDB73949E19011A25ED42FA662', 'vivo X5Pro', 'pic/2B893384F6A64A9A81F342FA098A8531.jpg', 2299.00, 1, 2, '2019-05-02 20:46:26');
INSERT INTO `index_product` VALUES (13, '5ADB5AC3018D4EE1A79308889FDAA1C6', '女装外套', 'pic/30174DAE6FC04E05AC182A21C040D9A3.jpg', 100.00, 1, 2, '2019-05-02 20:46:55');
INSERT INTO `index_product` VALUES (14, '3AACF64DF2E44C7D8AC441380C306353', '华为荣耀6', 'pic/5538ABC934DC424EB5508D39F9EFF746.jpg', 1499.00, 1, 1, '2019-05-02 20:47:35');
INSERT INTO `index_product` VALUES (15, '370559A4CFFF444AAEE4674453491F04', '神舟（HASEE） 战神K660D-i7D2', 'pic/36C92A578526485290857319D4C08415.jpg', 5499.00, 1, 1, '2019-05-02 20:47:47');
INSERT INTO `index_product` VALUES (16, '310FE69BA65342B3A038789C186769FC', 'HTC One M9+', 'pic/67DFD186D8B0445B836691E1E99BFE74.jpg', 3499.00, 1, 1, '2019-05-02 20:47:58');
INSERT INTO `index_product` VALUES (17, '2354F6D64DA54959ACC945FE2C801DF1', '华硕（ASUS）经典系列R557LI', 'pic/B6E3203BF4DA4E15BD6E53CCCDDD6A43.jpg', 3699.00, 1, 1, '2019-05-02 20:48:10');
INSERT INTO `index_product` VALUES (18, '15F64E830EA44E228C7D64C2A1D8F31E', '努比亚（nubia）My 布拉格', 'pic/D4236A6FBF294DA5BC7A5977B6AFED9C.jpg', 1799.00, 1, 1, '2019-05-02 20:48:36');
INSERT INTO `index_product` VALUES (19, '13AD14AEED4D4A4B8714EA4F68AD5332', 'vivo X5M', 'pic/A4FCF171B7A640F39F34424031CD2D6D.jpg', 1799.00, 1, 1, '2019-05-02 20:48:49');
INSERT INTO `index_product` VALUES (20, '0BAAE2D6E37B415F9B8817A273A4239D', '雷神（ThundeRobot）G150S', 'pic/8AEB0349ECE547F687966D56FCB8D024.jpg', 5499.00, 1, 1, '2019-05-02 20:49:02');
INSERT INTO `index_product` VALUES (21, '879BC492D213487C9E418351F47A8436', '蓝色羽绒服', 'pic/C957FADC26154BE591DDFEEC8AD4E0E7.png', 299.00, 0, 1, '2019-05-14 23:20:58');

-- ----------------------------
-- Table structure for order_state
-- ----------------------------
DROP TABLE IF EXISTS `order_state`;
CREATE TABLE `order_state`  (
  `sid` varchar(11) CHARACTER SET utf8 COLLATE utf8_general_ci NOT NULL,
  `sname` varchar(32) CHARACTER SET utf8 COLLATE utf8_general_ci NULL DEFAULT NULL,
  PRIMARY KEY (`sid`) USING BTREE
) ENGINE = InnoDB CHARACTER SET = utf8 COLLATE = utf8_general_ci ROW_FORMAT = Compact;

-- ----------------------------
-- Records of order_state
-- ----------------------------
INSERT INTO `order_state` VALUES ('0', '待付款');
INSERT INTO `order_state` VALUES ('1', '已付款');
INSERT INTO `order_state` VALUES ('2', '待收货');
INSERT INTO `order_state` VALUES ('3', '已完成');

-- ----------------------------
-- Table structure for orderitem
-- ----------------------------
DROP TABLE IF EXISTS `orderitem`;
CREATE TABLE `orderitem`  (
  `itemid` varchar(40) CHARACTER SET utf8 COLLATE utf8_general_ci NULL DEFAULT NULL,
  `count` int(11) NULL DEFAULT NULL,
  `subtotal` double NULL DEFAULT NULL,
  `pid` varchar(40) CHARACTER SET utf8 COLLATE utf8_general_ci NULL DEFAULT NULL,
  `oid` varchar(40) CHARACTER SET utf8 COLLATE utf8_general_ci NULL DEFAULT NULL
) ENGINE = InnoDB CHARACTER SET = utf8 COLLATE = utf8_general_ci ROW_FORMAT = Compact;

-- ----------------------------
-- Records of orderitem
-- ----------------------------
INSERT INTO `orderitem` VALUES ('0E83A8D3CC45484D87EE13BBFA40E61E', 1, 4099, '6D2A970F2B874552829DE1D215AB996D', 'BC279961DADB438098728C1C016AC7E8');
INSERT INTO `orderitem` VALUES ('94A2C66AEB1849598FFED7EBCC09844C', 1, 1799, '13AD14AEED4D4A4B8714EA4F68AD5332', 'CAE57F81B78446F7930232B01C57647D');
INSERT INTO `orderitem` VALUES ('91376B894B0E4DBF8CCE108BCD0D7DC2', 1, 299, '879BC492D213487C9E418351F47A8436', '91ECF6180B1C4DC6A30D0EDF38D52A07');
INSERT INTO `orderitem` VALUES ('5E5ACE82A604475293B8568275094329', 1, 299, '879BC492D213487C9E418351F47A8436', 'D8CA24D80457442C8014459799FAEB3B');
INSERT INTO `orderitem` VALUES ('69E4791C9CE842528CDFA6E7BDCB912C', 1, 299, '879BC492D213487C9E418351F47A8436', 'B069777C733A446783571F9832572F89');
INSERT INTO `orderitem` VALUES ('570E9B94C08C4321A167AA05F865AE9B', 1, 1999, '01C43332EE39425CAEA3008B670DA7FF', '91F52324ED9D42E880021E2340AA590D');

-- ----------------------------
-- Table structure for orders
-- ----------------------------
DROP TABLE IF EXISTS `orders`;
CREATE TABLE `orders`  (
  `oid` varchar(40) CHARACTER SET utf8 COLLATE utf8_general_ci NOT NULL,
  `ordertime` timestamp(0) NULL DEFAULT NULL,
  `totalPrice` double NULL DEFAULT NULL,
  `state` int(11) NULL DEFAULT NULL,
  `did` varchar(40) CHARACTER SET utf8 COLLATE utf8_general_ci NULL DEFAULT NULL,
  `uid` varchar(40) CHARACTER SET utf8 COLLATE utf8_general_ci NULL DEFAULT NULL,
  PRIMARY KEY (`oid`) USING BTREE
) ENGINE = InnoDB CHARACTER SET = utf8 COLLATE = utf8_general_ci ROW_FORMAT = Compact;

-- ----------------------------
-- Records of orders
-- ----------------------------
INSERT INTO `orders` VALUES ('91F52324ED9D42E880021E2340AA590D', '2019-05-28 22:36:32', 1999, 3, '0148A28587FC462AAADBE20CB6242DE2', '29757EDEB1DC40E593B12728007262F1');
INSERT INTO `orders` VALUES ('B069777C733A446783571F9832572F89', '2019-05-28 16:00:29', 299, 1, '0148A28587FC462AAADBE20CB6242DE2', '29757EDEB1DC40E593B12728007262F1');
INSERT INTO `orders` VALUES ('D8CA24D80457442C8014459799FAEB3B', '2019-05-27 10:58:48', 299, 2, '0148A28587FC462AAADBE20CB6242DE2', '29757EDEB1DC40E593B12728007262F1');

-- ----------------------------
-- Table structure for products
-- ----------------------------
DROP TABLE IF EXISTS `products`;
CREATE TABLE `products`  (
  `pid` varchar(40) CHARACTER SET utf8 COLLATE utf8_general_ci NOT NULL,
  `pname` varchar(50) CHARACTER SET utf8 COLLATE utf8_general_ci NULL DEFAULT NULL,
  `count` int(11) NULL DEFAULT NULL,
  `sellpoint` varchar(200) CHARACTER SET utf8 COLLATE utf8_general_ci NULL DEFAULT NULL,
  `market_price` double NULL DEFAULT NULL,
  `shop_price` double NULL DEFAULT NULL,
  `image` varchar(200) CHARACTER SET utf8 COLLATE utf8_general_ci NULL DEFAULT NULL,
  `pdate` date NULL DEFAULT NULL,
  `is_hot` int(11) NULL DEFAULT NULL,
  `p_desc` text CHARACTER SET utf8 COLLATE utf8_general_ci NULL,
  `pflag` int(11) NULL DEFAULT NULL,
  `cid` varchar(40) CHARACTER SET utf8 COLLATE utf8_general_ci NULL DEFAULT NULL,
  PRIMARY KEY (`pid`) USING BTREE
) ENGINE = InnoDB CHARACTER SET = utf8 COLLATE = utf8_general_ci ROW_FORMAT = Compact;

-- ----------------------------
-- Records of products
-- ----------------------------
INSERT INTO `products` VALUES ('0097ADB7945A400486A4762A34851A4C', '惠普（HP）轻薄系列 HP', 4343, '年底疯狂大甩卖！', 3199, 3099, 'pic/3D79EAF11AE542C1943B34F54D9BBE5E.jpg', '2018-12-14', 0, '15-r239TX 15.6英寸笔记本电脑（i5-5200U 4G 500G GT820M 2G独显 win8.1）金属灰', 1, '40CED1A8D07E4901A1E1379ED9FC53B2');
INSERT INTO `products` VALUES ('01C43332EE39425CAEA3008B670DA7FF', '三星 Galaxy S5 (G9008W) 闪耀白', 4342, '年底促销！', 2099, 1999, 'pic/7DDC2F4CBF1F449C8EA5E40AA4C92772.jpg', '2018-12-14', 1, '5.1英寸全高清炫丽屏，2.5GHz四核处理器，1600万像素', 1, '3513F47C928E40BDA084868AB98C778B');
INSERT INTO `products` VALUES ('051DBFEDB73949E19011A25ED42FA662', 'vivo X5Pro', 999, '年底促销！', 2399, 2299, 'pic/2B893384F6A64A9A81F342FA098A8531.jpg', '2018-12-14', 1, '移动联通双4G手机 3G运存版 极光白【购机送蓝牙耳机+蓝牙自拍杆】新升级3G运行内存·双2.5D弧面玻璃·眼球识别技术', 1, '3513F47C928E40BDA084868AB98C778B');
INSERT INTO `products` VALUES ('053DFB972DCF45DCAAD90EC3D0EED320', '华为 麦芒4', 1000, '年底促销！', 2599, 2499, 'pic/EE389DFBB96448878C42052B1E70F6C8.jpg', '2018-12-14', 1, '华为 麦芒4 晨曦金 全网通版4G手机 双卡双待金属机身 2.5D弧面屏 指纹解锁 光学防抖', 1, '3513F47C928E40BDA084868AB98C778B');
INSERT INTO `products` VALUES ('0BAAE2D6E37B415F9B8817A273A4239D', '雷神（ThundeRobot）G150S', 3227, '年底大甩卖！', 5699, 5499, 'pic/8AEB0349ECE547F687966D56FCB8D024.jpg', '2018-12-14', 0, '15.6英寸游戏本 ( i7-4710MQ 4G 500G GTX950M 2G独显 包无亮点全高清屏) 金', 1, '40CED1A8D07E4901A1E1379ED9FC53B2');
INSERT INTO `products` VALUES ('13AD14AEED4D4A4B8714EA4F68AD5332', 'vivo X5M', 999, '年底促销！', 1899, 1799, 'pic/A4FCF171B7A640F39F34424031CD2D6D.jpg', '2018-12-14', 0, 'vivo X5M 移动4G手机 双卡双待 香槟金【购机送蓝牙耳机+蓝牙自拍杆】5.0英寸大屏显示·八核双卡双待·Hi-Fi移动KTV', 1, '3513F47C928E40BDA084868AB98C778B');
INSERT INTO `products` VALUES ('15F64E830EA44E228C7D64C2A1D8F31E', '努比亚（nubia）My 布拉格', 10000, '年底促销！', 1899, 1799, 'pic/D4236A6FBF294DA5BC7A5977B6AFED9C.jpg', '2018-12-14', 0, '努比亚（nubia）My 布拉格 银白 移动联通4G手机 双卡双待【嗨11，下单立减100】金属机身，快速充电！布拉格相机全新体验！', 1, '3513F47C928E40BDA084868AB98C778B');
INSERT INTO `products` VALUES ('2354F6D64DA54959ACC945FE2C801DF1', '华硕（ASUS）经典系列R557LI', 3222, '年底促销！', 3799, 3699, 'pic/B6E3203BF4DA4E15BD6E53CCCDDD6A43.jpg', '2018-12-14', 0, '15.6英寸笔记本电脑（i5-5200U 4G 7200转500G 2G独显 D刻 蓝牙 Win8.1 黑色）', 1, '40CED1A8D07E4901A1E1379ED9FC53B2');
INSERT INTO `products` VALUES ('310FE69BA65342B3A038789C186769FC', 'HTC One M9+', 3232, '年底促销！', 3599, 3499, 'pic/67DFD186D8B0445B836691E1E99BFE74.jpg', '2018-12-14', 0, 'HTC One M9+（M9pw） 金银汇 移动联通双4G手机5.2英寸，8核CPU，指纹识别，UltraPixel超像素前置相机+2000万/200万后置双镜头相机！降价特卖，惊喜不断！', 1, '3513F47C928E40BDA084868AB98C778B');
INSERT INTO `products` VALUES ('35E4EAB821894B7E8789608408E455C2', '中兴 AXON', 3232, '年底促销！', 2899, 2799, 'pic/26F35370240C48D9BB40E4A469E09466.jpg', '2018-12-14', 1, '中兴 AXON 天机 mini 压力屏版 B2015 华尔金 移动联通电信4G 双卡双待', 1, '3513F47C928E40BDA084868AB98C778B');
INSERT INTO `products` VALUES ('370559A4CFFF444AAEE4674453491F04', '神舟（HASEE） 战神K660D-i7D2', 3422, '年底大甩卖！', 5699, 5499, 'pic/36C92A578526485290857319D4C08415.jpg', '2018-12-14', 0, '15.6英寸游戏本(i7-4710MQ 8G 1TB GTX960M 2G独显 1080P)黑色', 1, '40CED1A8D07E4901A1E1379ED9FC53B2');
INSERT INTO `products` VALUES ('3AACF64DF2E44C7D8AC441380C306353', '华为荣耀6', 42320, '年底促销！', 1599, 1499, 'pic/5538ABC934DC424EB5508D39F9EFF746.jpg', '2018-12-14', 0, '荣耀 6 (H60-L01) 3GB内存标准版 黑色 移动4G手机', 1, '3513F47C928E40BDA084868AB98C778B');
INSERT INTO `products` VALUES ('3B4C7E9BB8214910BD80EAF34CE98DAA', 'HTC Desire 826d 32G 臻珠白', 3232, '年底促销！', 1599, 1499, 'pic/1191C3655679473998AA79428FAFDBD4.jpg', '2018-12-14', 1, '后置1300万+UltraPixel超像素前置摄像头+【双】前置扬声器+5.5英寸【1080p】大屏！', 1, '3513F47C928E40BDA084868AB98C778B');
INSERT INTO `products` VALUES ('4581F9E451AB41FD91235DE10C8F6718', 'Apple iPhone 6s (A1700) 64G 玫瑰金色', 3433, '年底促销！', 6388, 6088, 'pic/92E1ADEDEA354101956A95A08DF5D2FA.jpg', '2018-12-14', 0, 'Apple iPhone 6 Plus (A1524) 16GB 金色 移动联通电信4G手机 硬货 硬实力', 1, '3513F47C928E40BDA084868AB98C778B');
INSERT INTO `products` VALUES ('458896C7743049DE95D29399471853B5', '微软(Microsoft) Lumia 640 LTE DS (RM-1113)', 2323, '年底促销！', 1099, 999, 'pic/BEBBCB60B4C5448A9777F000C3477EFA.jpg', '2018-12-14', 0, '微软首款双网双卡双4G手机，5.0英寸高清大屏，双网双卡双4G！', 1, '3513F47C928E40BDA084868AB98C778B');
INSERT INTO `products` VALUES ('4F7119E6817241D9AD8500ADB352BB76', '魅族 魅蓝note2 16GB 白色', 2323, '年度促销！', 1099, 999, 'pic/9508FFB099254234B49B0357B5C6F8BC.jpg', '2018-12-14', 0, '现货速抢，抢完即止！5.5英寸1080P分辨率屏幕，64位八核1.3GHz处理器，1300万像素摄像头，双色温双闪光灯！', 1, '3513F47C928E40BDA084868AB98C778B');
INSERT INTO `products` VALUES ('5ADB5AC3018D4EE1A79308889FDAA1C6', '女装外套', 9997, '促销', 200, 100, 'pic/30174DAE6FC04E05AC182A21C040D9A3.jpg', '2019-03-17', 1, '的身份函数的反函数地方和史蒂夫', 1, '0BDD12113BAF401E88E1F64552E21C53');
INSERT INTO `products` VALUES ('5F0CB45EE5EB42D8A35E11FADDAFBEFF', '联想（Lenovo）H3050 台式电脑', 5334, '清仓大甩卖~~', 5099, 4899, 'pic/E507F041E40440E6AA1EA868B839F77D.jpg', '2018-12-14', 0, '（i5-4460 4G 500G GT720 1G独显 DVD 千兆网卡 Win10）23英寸', 1, '40CED1A8D07E4901A1E1379ED9FC53B2');
INSERT INTO `products` VALUES ('6D2A970F2B874552829DE1D215AB996D', '联想（ThinkPad） 轻薄系列E450C(20EH0001CD)', 2322, '年底促销！', 4399, 4099, 'pic/63160F0C62B64C068A96F8ED7AB76446.jpg', '2018-12-14', 0, '联想（ThinkPad） 轻薄系列E450C(20EH0001CD)14英寸笔记本电脑(i5-4210U 4G 500G 2G独显 Win8.1)', 1, '40CED1A8D07E4901A1E1379ED9FC53B2');
INSERT INTO `products` VALUES ('6DE853684E624BC5BD6008CEF447276E', '惠普(HP)WASD 暗影精灵', 4342, '年底促销！', 5699, 5499, 'pic/354AB9A372764928B0DCD35D314586B4.jpg', '2018-12-14', 0, '15.6英寸游戏笔记本电脑(i5-6300HQ 4G 1TB+128G SSD GTX950M 4G独显 Win10)', 1, '40CED1A8D07E4901A1E1379ED9FC53B2');
INSERT INTO `products` VALUES ('6F576BA9CE7743BFA1FA55AEB06DAB79', '戴尔（DELL）Vostro 3800-R6308 台式电脑', 3232, '年度大促销！', 3299, 3199, 'pic/E7F876397BE04553B49CE1EB05DD4B5D.jpg', '2018-12-14', 0, '（i3-4170 4G 500G DVD 三年上门服务 Win7）黑', 1, '40CED1A8D07E4901A1E1379ED9FC53B2');
INSERT INTO `products` VALUES ('788CF3CC20F247D3ABDFBFABA7D0B34C', '华为 HUAWEI Mate S 臻享版', 3231, '年底促销！', 4200, 4100, 'pic/0CA4CF65AD7040DF98A5B61567AE8EE6.jpg', '2018-12-14', 0, '华为 HUAWEI Mate S 臻享版 手机 极昼金 移动联通双4G(高配)满星评价即返30元话费啦；买就送电源+清水套+创意手机支架；优雅弧屏，mate7升级版', 1, '3513F47C928E40BDA084868AB98C778B');
INSERT INTO `products` VALUES ('8633B52C865C4E5EBD43B9FCA2EFD45C', 'Apple iPhone 6 Plus (A1524) 16GB 金色', 3223, '年底促销！', 5188, 4988, 'pic/4EE28A0A79CB4E1FB6DB761374779D44.jpg', '2018-12-14', 0, 'Apple iPhone 6 Plus (A1524) 16GB 金色 移动联通电信4G手机 硬货 硬实力', 1, '3513F47C928E40BDA084868AB98C778B');
INSERT INTO `products` VALUES ('8799ABB2C7A44B3CB000E2590005D867', '微星（MSI）GE62 2QC-264XCN', 34232, '年底大甩卖！', 6199, 5999, 'pic/68A06E73AB50445E994779F18F9672A4.jpg', '2018-12-14', 0, '15.6英寸游戏笔记本电脑（i5-4210H 8G 1T GTX960MG DDR5 2G 背光键盘）黑色', 1, '40CED1A8D07E4901A1E1379ED9FC53B2');
INSERT INTO `products` VALUES ('879BC492D213487C9E418351F47A8436', '蓝色羽绒服', 995, '大降价！！！', 399, 299, 'pic/C957FADC26154BE591DDFEEC8AD4E0E7.png', '2019-05-14', 1, '时尚羽绒服', 1, '0BDD12113BAF401E88E1F64552E21C53');
INSERT INTO `products` VALUES ('8CE05BE8518C46149058F6F3E450A695', '联想（Lenovo）小新V3000经典版', 4343, '年底大促销！', 4599, 4499, 'pic/03173F9D177D448EB33326257402A7AC.jpg', '2018-12-14', 0, '14英寸超薄笔记本电脑（i7-5500U 4G 500G+8G SSHD 2G独显 全高清屏）黑色满1000減100，狂减！火力全开，横扫3天！', 1, '40CED1A8D07E4901A1E1379ED9FC53B2');
INSERT INTO `products` VALUES ('8DEDB7D1ED6B417395CCEE3151F73845', 'sonim XP7700 4G手机', 4343, '年底促销！', 1799, 1699, 'pic/FF45A4E01C4141499104B713374DBEFC.jpg', '2018-12-14', 1, '三防智能手机 移动/联通双4G 安全 黑黄色 双4G美国军工IP69 30天长待机 3米防水防摔 北斗', 1, '3513F47C928E40BDA084868AB98C778B');
INSERT INTO `products` VALUES ('94A3A5A32AF94A7ABA34CD55A7F6C961', '宏碁（acer）ATC705-N50 台式电脑', 3423, '年度大促销！', 2399, 2299, 'pic/77718C4C255140F0AA0A166D27F9B482.jpg', '2018-12-14', 0, '爆款直降，满千减百，品质宏碁，特惠来袭，何必苦等11.11，早买早便宜！', 1, '40CED1A8D07E4901A1E1379ED9FC53B2');
INSERT INTO `products` VALUES ('94B4565639544719B755AB58FA341511', 'Apple MacBook Air MJVE2CH/A 13.3英寸', 3434, '年底促销！', 6788, 6688, 'pic/8FC1AD8CFF054FE099E130D9F2F3F4DE.jpg', '2018-12-14', 0, '宽屏笔记本电脑 128GB 闪存', 1, '40CED1A8D07E4901A1E1379ED9FC53B2');
INSERT INTO `products` VALUES ('A355B1E9E71C49198938CEFBAB7FDD7B', '小米 红米2A 增强版 白色', 23223, '年底促销！', 649, 549, 'pic/25BA86C38C9C4638B4C255D8E6F3B9EA.jpg', '2018-12-14', 0, '新增至2GB 内存+16GB容量！4G双卡双待，联芯 4 核 1.5GHz 处理器！', 1, '3513F47C928E40BDA084868AB98C778B');
INSERT INTO `products` VALUES ('A8D97FBB809A4E6BAB0FAFDD297FD99B', '努比亚（nubia）Z9精英版 金色', 4343, '年底促销！', 3988, 3888, 'pic/B5580AB1D3B841AEB982FFD55E49E38E.jpg', '2018-12-14', 1, '移动联通电信4G手机 双卡双待真正的无边框！金色尊贵版！4GB+64GB大内存！', 1, '3513F47C928E40BDA084868AB98C778B');
INSERT INTO `products` VALUES ('AFB6B7AFE4F54618B303135C64146984', '小米 4c 标准版', 1000, '年底促销！', 1399, 1299, 'pic/2EC0FB1454244FF69E1C04250E84627F.jpg', '2018-12-14', 1, '小米 4c 标准版 全网通 白色 移动联通电信4G手机 双卡双待', 1, '3513F47C928E40BDA084868AB98C778B');
INSERT INTO `products` VALUES ('BDE432EC491C485184635AD63086B347', 'Apple 配备 Retina 显示屏的 MacBook', 4324, '年底促销!', 11299, 10288, 'pic/CA46797F2C8144D6A8807C7A6625635E.jpg', '2018-12-14', 0, 'Pro MF840CH/A 13.3英寸宽屏笔记本电脑 256GB 闪存', 1, '40CED1A8D07E4901A1E1379ED9FC53B2');
INSERT INTO `products` VALUES ('C0B9F0A08A024923BFFDC9D24449C3BC', '华硕（ASUS）X450J', 2323, '年底促销！', 4599, 4399, 'pic/CCA40C2BB28F4D8D8ABE298D02FFB8B6.jpg', '2018-12-14', 0, '14英寸笔记本电脑 （i5-4200H 4G 1TB GT940M 2G独显 蓝牙4.0 D刻 Win8.1 黑色）', 1, '40CED1A8D07E4901A1E1379ED9FC53B2');
INSERT INTO `products` VALUES ('C78552C11D524F16BD2D6BD5B80A3B5F', '三星 Galaxy S6 Edge+（G9280）32G版 铂光金', 4343, '年底促销！', 5999, 5888, 'pic/1E5FF6BCD7704714BE29145B8EC6E7C0.jpg', '2018-12-14', 0, '赠移动电源+自拍杆+三星OTG金属U盘+无线充电器+透明保护壳', 1, '3513F47C928E40BDA084868AB98C778B');
INSERT INTO `products` VALUES ('CB86BFF8100A4326A5551ECA2009DA10', 'Apple iPhone 6 (A1586)', 3232, '年底促销！', 4399, 4299, 'pic/91EC7F066FB84AEC85B1071DD7533EAB.jpg', '2018-12-14', 1, 'Apple iPhone 6 (A1586) 16GB 金色 移动联通电信4G手机长期省才是真的省！点击购机送费版，月月送话费，月月享优惠，畅享4G网络，就在联通4G！', 1, '3513F47C928E40BDA084868AB98C778B');
INSERT INTO `products` VALUES ('D346482E264F4A71B8E066FA76CEE63A', '戴尔（DELL）灵越 飞匣3000系列', 4343, '年底促销！', 3399, 3299, 'pic/A717B409835844E6AF8693875557D457.jpg', '2018-12-14', 0, '&nbsp;Ins14C-4528B 14英寸笔记本（i5-5200U 4G 500G GT820M 2G独显 Win8）黑', 1, '40CED1A8D07E4901A1E1379ED9FC53B2');
INSERT INTO `products` VALUES ('D4E563F96F904586A8401A5DAC875FC6', '三星 Galaxy Note5（N9200）32G版', 5332, '年底促销！', 5588, 5388, 'pic/F70BEF367F2F412A83C32CAB7CB28D2E.jpg', '2018-12-14', 0, '旗舰机型！5.7英寸大屏，4+32G内存！不一样的SPen更优化的浮窗指令！赠无线充电板！', 1, '3513F47C928E40BDA084868AB98C778B');
INSERT INTO `products` VALUES ('D724E4EF84904047AF215628C524625B', '机械革命（MECHREVO）MR X6S-M', 3422, '年底大促销！', 6799, 6599, 'pic/2130465C61C947E4913B1C95B06487A3.jpg', '2018-12-14', 0, '15.6英寸游戏本(I7-4710MQ 8G 64GSSD+1T GTX960M 2G独显 IPS屏 WIN7)黑色', 1, '40CED1A8D07E4901A1E1379ED9FC53B2');
INSERT INTO `products` VALUES ('DA7568C09AB548BAB5BF775CB630CA3F', '未来人类（Terrans Force）T5', 3232, '年底促销！', 10999, 9899, 'pic/087389CD8543429185E7A654BE5ACC63.jpg', '2018-12-14', 0, '15.6英寸游戏本（i7-5700HQ 16G 120G固态+1TB GTX970M 3G GDDR5独显）黑', 1, '40CED1A8D07E4901A1E1379ED9FC53B2');
INSERT INTO `products` VALUES ('DB48C9DC681D443E9655F2167E4610F9', '索尼(SONY) E6533 Z3+', 3223, '年底促销！', 4099, 3999, 'pic/9869671A2B9F40EBA92BD73E97B91335.jpg', '2018-12-14', 0, '索尼(SONY) E6533 Z3+ 双卡双4G手机 防水防尘 涧湖绿索尼z3专业防水 2070万像素 移动联通双4G', 1, '3513F47C928E40BDA084868AB98C778B');
INSERT INTO `products` VALUES ('E29595DEB6B040328CF004324C1FDE3E', '华为 Ascend Mate7', 1000, '年底促销', 2699, 2599, 'pic/D75EE818E7D4413C97988BB5028DD4D0.jpg', '2018-12-14', 1, '华为 Ascend Mate7 月光银 移动4G手机 双卡双待双通6英寸高清大屏，纤薄机身，智能超八核，按压式指纹识别！!选择下方“移动老用户4G飞享合约”，无需换号，还有话费每月返还！', 1, '3513F47C928E40BDA084868AB98C778B');
INSERT INTO `products` VALUES ('FB0FCCE9302B44038EF89F46AE1600FC', '黑色衬衣', 1000, '大降价', 200, 100, 'pic/4BA1700DD90944CBA853E5699F8566B8.jpg', '2019-05-28', 1, '撒旦发射点士大夫士大夫士大夫', 1, '0BDD12113BAF401E88E1F64552E21C53');
INSERT INTO `products` VALUES ('FEEB489D7B5D47499023BD90B6C4A69A', 'LG G4（H818）陶瓷白 国际版', 2323, '年底促销！', 3018, 2978, 'pic/B27A622B1581463694076C15ED7DCBED.jpg', '2018-12-14', 0, '李敏镐代言，F1.8大光圈1600万后置摄像头，5.5英寸2K屏，3G+32G内存，LG年度旗舰机！', 1, '3513F47C928E40BDA084868AB98C778B');

-- ----------------------------
-- Table structure for user
-- ----------------------------
DROP TABLE IF EXISTS `user`;
CREATE TABLE `user`  (
  `uid` varchar(32) CHARACTER SET utf8 COLLATE utf8_general_ci NOT NULL,
  `username` varchar(20) CHARACTER SET utf8 COLLATE utf8_general_ci NOT NULL,
  `password` varchar(32) CHARACTER SET utf8 COLLATE utf8_general_ci NOT NULL,
  `name` varchar(20) CHARACTER SET utf8 COLLATE utf8_general_ci NULL DEFAULT NULL,
  `email` varchar(30) CHARACTER SET utf8 COLLATE utf8_general_ci NULL DEFAULT NULL,
  `telephone` varchar(20) CHARACTER SET utf8 COLLATE utf8_general_ci NULL DEFAULT NULL,
  `birthday` date NULL DEFAULT NULL,
  `sex` varchar(10) CHARACTER SET utf8 COLLATE utf8_general_ci NULL DEFAULT NULL,
  `state` int(11) NULL DEFAULT NULL,
  PRIMARY KEY (`uid`) USING BTREE
) ENGINE = InnoDB CHARACTER SET = utf8 COLLATE = utf8_general_ci ROW_FORMAT = Compact;

-- ----------------------------
-- Records of user
-- ----------------------------
INSERT INTO `user` VALUES ('29757EDEB1DC40E593B12728007262F1', 'sean', '202cb962ac59075b964b07152d234b70', '胡歌', '18322980771@qq.com', '18322980771', '2018-12-11', '男', 1);
INSERT INTO `user` VALUES ('4B074AD1997D451C8E83B10573F391E5', 'aa', 'e10adc3949ba59abbe56e057f20f883e', '胡歌', '1403273045@qq.com', '18322980771', '2019-05-16', '男', 1);

SET FOREIGN_KEY_CHECKS = 1;
